{"stat.chestOpened":13,"stat.walkOneCm":245448,"stat.drop.minecraft.coal":64,"stat.useItem.minecraft.chest":10,"stat.useItem.minecraft.lever":45,"stat.useItem.minecraft.repeater":5,"stat.leaveGame":2,"stat.useItem.minecraft.comparator":9,"stat.furnaceInteraction":102,"stat.useItem.minecraft.chest_minecart":19,"stat.jump":234,"stat.pickup.minecraft.coal":64,"stat.useItem.minecraft.redstone":32,"stat.crouchOneCm":6187,"stat.pickup.minecraft.rail":14,"stat.useItem.minecraft.redstone_torch":9,"stat.useItem.minecraft.stone_button":4,"stat.pickup.minecraft.gold_ore":6,"stat.useItem.minecraft.golden_rail":182,"stat.useItem.minecraft.detector_rail":5,"stat.useItem.minecraft.rail":548,"stat.useItem.minecraft.furnace":109,"stat.useItem.minecraft.hopper":233,"stat.flyOneCm":355517,"stat.pickup.minecraft.lever":2,"stat.useItem.minecraft.cobblestone_wall":2,"stat.drop":1,"stat.useItem.minecraft.hopper_minecart":7,"stat.playOneMinute":196591,"stat.sneakTime":12304,"stat.pickup.minecraft.redstone":2,"stat.useItem.minecraft.wool":1135,"stat.timeSinceDeath":196591,"stat.hopperInspected":18,"stat.useItem.minecraft.sign":5,"stat.pickup.minecraft.golden_rail":18,"stat.useItem.minecraft.sandstone":4}