{
  "minecraft:recipes/decorations/purple_stained_glass_pane": {
    "criteria": {
      "has_glass": "2017-05-06 05:46:30 +1000"
    },
    "done": true
  },
  "minecraft:recipes/buildingblocks/lime_stained_glass": {
    "criteria": {
      "has_glass": "2017-05-06 05:46:30 +1000"
    },
    "done": true
  },
  "minecraft:recipes/buildingblocks/gray_wool": {
    "criteria": {
      "has_white_wool": "2017-05-06 03:42:32 +1000"
    },
    "done": true
  },
  "minecraft:recipes/buildingblocks/light_blue_wool": {
    "criteria": {
      "has_white_wool": "2017-05-06 03:42:32 +1000"
    },
    "done": true
  },
  "minecraft:recipes/buildingblocks/gold_block": {
    "criteria": {
      "has_at_least_9_gold_ingot": "2017-05-06 05:39:18 +1000"
    },
    "done": true
  },
  "minecraft:recipes/decorations/purple_bed": {
    "criteria": {
      "has_purple_wool": "2017-05-06 04:36:25 +1000"
    },
    "done": true
  },
  "minecraft:recipes/combat/golden_chestplate": {
    "criteria": {
      "has_gold_ingot": "2017-05-06 05:39:18 +1000"
    },
    "done": true
  },
  "minecraft:recipes/decorations/white_bed": {
    "criteria": {
      "has_white_wool": "2017-05-06 03:42:32 +1000"
    },
    "done": true
  },
  "minecraft:recipes/buildingblocks/purple_concrete_powder": {
    "criteria": {
      "has_sand": "2017-05-06 05:43:55 +1000"
    },
    "done": true
  },
  "minecraft:recipes/buildingblocks/green_stained_glass": {
    "criteria": {
      "has_glass": "2017-05-06 05:46:30 +1000"
    },
    "done": true
  },
  "minecraft:recipes/buildingblocks/magenta_wool": {
    "criteria": {
      "has_white_wool": "2017-05-06 03:42:32 +1000"
    },
    "done": true
  },
  "minecraft:recipes/brewing/glass_bottle": {
    "criteria": {
      "has_glass": "2017-05-06 05:46:30 +1000"
    },
    "done": true
  },
  "minecraft:recipes/decorations/light_blue_stained_glass_pane": {
    "criteria": {
      "has_glass": "2017-05-06 05:46:30 +1000"
    },
    "done": true
  },
  "minecraft:recipes/tools/golden_hoe": {
    "criteria": {
      "has_gold_ingot": "2017-05-06 05:39:18 +1000"
    },
    "done": true
  },
  "minecraft:recipes/buildingblocks/pink_stained_glass": {
    "criteria": {
      "has_glass": "2017-05-06 05:46:30 +1000"
    },
    "done": true
  },
  "minecraft:recipes/decorations/lime_stained_glass_pane": {
    "criteria": {
      "has_glass": "2017-05-06 05:46:30 +1000"
    },
    "done": true
  },
  "minecraft:recipes/decorations/chest": {
    "criteria": {
      "has_lots_of_items": "2017-05-06 03:38:49 +1000"
    },
    "done": true
  },
  "minecraft:recipes/combat/golden_sword": {
    "criteria": {
      "has_gold_ingot": "2017-05-06 05:39:18 +1000"
    },
    "done": true
  },
  "minecraft:recipes/decorations/magenta_stained_glass_pane": {
    "criteria": {
      "has_glass": "2017-05-06 05:46:30 +1000"
    },
    "done": true
  },
  "minecraft:recipes/decorations/painting": {
    "criteria": {
      "has_wool": "2017-05-06 03:33:55 +1000"
    },
    "done": true
  },
  "minecraft:recipes/buildingblocks/sandstone": {
    "criteria": {
      "has_sand": "2017-05-06 05:43:55 +1000"
    },
    "done": true
  },
  "minecraft:recipes/buildingblocks/black_stained_glass": {
    "criteria": {
      "has_glass": "2017-05-06 05:46:30 +1000"
    },
    "done": true
  },
  "minecraft:recipes/decorations/cyan_stained_glass_pane": {
    "criteria": {
      "has_glass": "2017-05-06 05:46:30 +1000"
    },
    "done": true
  },
  "minecraft:recipes/buildingblocks/green_concrete_powder": {
    "criteria": {
      "has_sand": "2017-05-06 05:43:55 +1000"
    },
    "done": true
  },
  "minecraft:recipes/buildingblocks/sandstone_stairs": {
    "criteria": {
      "has_sandstone": "2017-05-06 05:04:01 +1000"
    },
    "done": true
  },
  "minecraft:recipes/buildingblocks/cyan_wool": {
    "criteria": {
      "has_white_wool": "2017-05-06 03:42:32 +1000"
    },
    "done": true
  },
  "minecraft:recipes/redstone/light_weighted_pressure_plate": {
    "criteria": {
      "has_gold_ingot": "2017-05-06 05:39:18 +1000"
    },
    "done": true
  },
  "minecraft:recipes/decorations/yellow_stained_glass_pane": {
    "criteria": {
      "has_glass": "2017-05-06 05:46:30 +1000"
    },
    "done": true
  },
  "minecraft:recipes/decorations/light_blue_carpet": {
    "criteria": {
      "has_light_blue_wool": "2017-05-06 04:03:48 +1000"
    },
    "done": true
  },
  "minecraft:recipes/transportation/detector_rail": {
    "criteria": {
      "has_rail": "2017-05-06 03:34:57 +1000"
    },
    "done": true
  },
  "minecraft:recipes/transportation/golden_rail": {
    "criteria": {
      "has_rail": "2017-05-06 03:34:57 +1000"
    },
    "done": true
  },
  "minecraft:recipes/misc/gold_nugget": {
    "criteria": {
      "has_gold_ingot": "2017-05-06 05:39:18 +1000"
    },
    "done": true
  },
  "minecraft:recipes/decorations/cyan_banner": {
    "criteria": {
      "has_cyan_wool": "2017-05-06 03:35:20 +1000"
    },
    "done": true
  },
  "minecraft:recipes/tools/golden_axe": {
    "criteria": {
      "has_gold_ingot": "2017-05-06 05:39:18 +1000"
    },
    "done": true
  },
  "minecraft:recipes/buildingblocks/orange_wool": {
    "criteria": {
      "has_white_wool": "2017-05-06 03:42:32 +1000"
    },
    "done": true
  },
  "minecraft:recipes/combat/golden_helmet": {
    "criteria": {
      "has_gold_ingot": "2017-05-06 05:39:18 +1000"
    },
    "done": true
  },
  "minecraft:recipes/buildingblocks/orange_concrete_powder": {
    "criteria": {
      "has_sand": "2017-05-06 05:43:55 +1000"
    },
    "done": true
  },
  "minecraft:recipes/buildingblocks/light_gray_stained_glass": {
    "criteria": {
      "has_glass": "2017-05-06 05:46:30 +1000"
    },
    "done": true
  },
  "minecraft:recipes/buildingblocks/white_concrete_powder": {
    "criteria": {
      "has_sand": "2017-05-06 05:43:55 +1000"
    },
    "done": true
  },
  "minecraft:recipes/buildingblocks/purple_wool": {
    "criteria": {
      "has_white_wool": "2017-05-06 03:42:32 +1000"
    },
    "done": true
  },
  "minecraft:recipes/buildingblocks/yellow_concrete_powder": {
    "criteria": {
      "has_sand": "2017-05-06 05:43:55 +1000"
    },
    "done": true
  },
  "minecraft:recipes/decorations/orange_banner": {
    "criteria": {
      "has_orange_wool": "2017-05-06 03:33:55 +1000"
    },
    "done": true
  },
  "minecraft:recipes/decorations/orange_stained_glass_pane": {
    "criteria": {
      "has_glass": "2017-05-06 05:46:30 +1000"
    },
    "done": true
  },
  "minecraft:recipes/buildingblocks/yellow_wool": {
    "criteria": {
      "has_white_wool": "2017-05-06 03:42:32 +1000"
    },
    "done": true
  },
  "minecraft:recipes/buildingblocks/red_stained_glass": {
    "criteria": {
      "has_glass": "2017-05-06 05:46:30 +1000"
    },
    "done": true
  },
  "minecraft:recipes/decorations/white_banner": {
    "criteria": {
      "has_white_wool": "2017-05-06 03:42:32 +1000"
    },
    "done": true
  },
  "minecraft:recipes/buildingblocks/brown_wool": {
    "criteria": {
      "has_white_wool": "2017-05-06 03:42:32 +1000"
    },
    "done": true
  },
  "minecraft:recipes/redstone/dropper": {
    "criteria": {
      "has_redstone": "2017-05-06 03:37:40 +1000"
    },
    "done": true
  },
  "minecraft:recipes/buildingblocks/pink_concrete_powder": {
    "criteria": {
      "has_sand": "2017-05-06 05:43:55 +1000"
    },
    "done": true
  },
  "minecraft:recipes/misc/coal": {
    "criteria": {
      "has_the_recipe": "2017-05-06 05:35:20 +1000"
    },
    "done": true
  },
  "minecraft:recipes/buildingblocks/white_stained_glass": {
    "criteria": {
      "has_glass": "2017-05-06 05:46:30 +1000"
    },
    "done": true
  },
  "minecraft:recipes/buildingblocks/orange_stained_glass": {
    "criteria": {
      "has_glass": "2017-05-06 05:46:30 +1000"
    },
    "done": true
  },
  "minecraft:recipes/tools/golden_shovel": {
    "criteria": {
      "has_gold_ingot": "2017-05-06 05:39:18 +1000"
    },
    "done": true
  },
  "minecraft:recipes/redstone/noteblock": {
    "criteria": {
      "has_redstone": "2017-05-06 03:37:40 +1000"
    },
    "done": true
  },
  "minecraft:recipes/decorations/black_stained_glass_pane": {
    "criteria": {
      "has_glass": "2017-05-06 05:46:30 +1000"
    },
    "done": true
  },
  "minecraft:recipes/redstone/repeater": {
    "criteria": {
      "has_redstone_torch": "2017-05-06 03:37:39 +1000"
    },
    "done": true
  },
  "minecraft:recipes/tools/compass": {
    "criteria": {
      "has_redstone": "2017-05-06 03:37:40 +1000"
    },
    "done": true
  },
  "minecraft:recipes/buildingblocks/cyan_concrete_powder": {
    "criteria": {
      "has_sand": "2017-05-06 05:43:55 +1000"
    },
    "done": true
  },
  "minecraft:recipes/buildingblocks/brown_concrete_powder": {
    "criteria": {
      "has_sand": "2017-05-06 05:43:55 +1000"
    },
    "done": true
  },
  "minecraft:recipes/buildingblocks/magenta_stained_glass": {
    "criteria": {
      "has_glass": "2017-05-06 05:46:30 +1000"
    },
    "done": true
  },
  "minecraft:recipes/tools/golden_pickaxe": {
    "criteria": {
      "has_gold_ingot": "2017-05-06 05:39:18 +1000"
    },
    "done": true
  },
  "minecraft:recipes/buildingblocks/blue_concrete_powder": {
    "criteria": {
      "has_sand": "2017-05-06 05:43:55 +1000"
    },
    "done": true
  },
  "minecraft:recipes/buildingblocks/gray_concrete_powder": {
    "criteria": {
      "has_sand": "2017-05-06 05:43:55 +1000"
    },
    "done": true
  },
  "minecraft:recipes/decorations/orange_carpet": {
    "criteria": {
      "has_orange_wool": "2017-05-06 03:33:55 +1000"
    },
    "done": true
  },
  "minecraft:recipes/buildingblocks/black_wool": {
    "criteria": {
      "has_white_wool": "2017-05-06 03:42:32 +1000"
    },
    "done": true
  },
  "minecraft:recipes/buildingblocks/cyan_stained_glass": {
    "criteria": {
      "has_glass": "2017-05-06 05:46:30 +1000"
    },
    "done": true
  },
  "minecraft:recipes/buildingblocks/light_blue_stained_glass": {
    "criteria": {
      "has_glass": "2017-05-06 05:46:30 +1000"
    },
    "done": true
  },
  "minecraft:recipes/buildingblocks/magenta_concrete_powder": {
    "criteria": {
      "has_sand": "2017-05-06 05:43:55 +1000"
    },
    "done": true
  },
  "minecraft:adventure/adventuring_time": {
    "criteria": {
      "desert": "2017-05-06 03:33:45 +1000"
    },
    "done": false
  },
  "minecraft:recipes/decorations/gray_stained_glass_pane": {
    "criteria": {
      "has_glass": "2017-05-06 05:46:30 +1000"
    },
    "done": true
  },
  "minecraft:recipes/decorations/green_stained_glass_pane": {
    "criteria": {
      "has_glass": "2017-05-06 05:46:30 +1000"
    },
    "done": true
  },
  "minecraft:recipes/buildingblocks/coal_block": {
    "criteria": {
      "has_at_least_9_coal": "2017-05-06 05:35:20 +1000"
    },
    "done": true
  },
  "minecraft:recipes/decorations/cyan_carpet": {
    "criteria": {
      "has_cyan_wool": "2017-05-06 03:35:20 +1000"
    },
    "done": true
  },
  "minecraft:recipes/redstone/redstone_torch": {
    "criteria": {
      "has_redstone": "2017-05-06 03:37:40 +1000"
    },
    "done": true
  },
  "minecraft:recipes/food/golden_apple": {
    "criteria": {
      "has_gold_ingot": "2017-05-06 05:39:18 +1000"
    },
    "done": true
  },
  "minecraft:recipes/decorations/light_blue_banner": {
    "criteria": {
      "has_light_blue_wool": "2017-05-06 04:03:48 +1000"
    },
    "done": true
  },
  "minecraft:recipes/buildingblocks/green_wool": {
    "criteria": {
      "has_white_wool": "2017-05-06 03:42:32 +1000"
    },
    "done": true
  },
  "minecraft:recipes/decorations/purple_carpet": {
    "criteria": {
      "has_purple_wool": "2017-05-06 04:36:25 +1000"
    },
    "done": true
  },
  "minecraft:recipes/decorations/cyan_bed": {
    "criteria": {
      "has_cyan_wool": "2017-05-06 03:35:20 +1000"
    },
    "done": true
  },
  "minecraft:recipes/buildingblocks/smooth_sandstone": {
    "criteria": {
      "has_sandstone": "2017-05-06 05:04:01 +1000"
    },
    "done": true
  },
  "minecraft:recipes/buildingblocks/sandstone_slab": {
    "criteria": {
      "has_sandstone": "2017-05-06 05:04:01 +1000"
    },
    "done": true
  },
  "minecraft:recipes/buildingblocks/pink_wool": {
    "criteria": {
      "has_white_wool": "2017-05-06 03:42:32 +1000"
    },
    "done": true
  },
  "minecraft:recipes/buildingblocks/lime_wool": {
    "criteria": {
      "has_white_wool": "2017-05-06 03:42:32 +1000"
    },
    "done": true
  },
  "minecraft:recipes/buildingblocks/black_concrete_powder": {
    "criteria": {
      "has_sand": "2017-05-06 05:43:55 +1000"
    },
    "done": true
  },
  "minecraft:recipes/buildingblocks/lime_concrete_powder": {
    "criteria": {
      "has_sand": "2017-05-06 05:43:55 +1000"
    },
    "done": true
  },
  "minecraft:recipes/buildingblocks/brick_block": {
    "criteria": {
      "has_brick": "2017-05-06 05:53:03 +1000"
    },
    "done": true
  },
  "minecraft:recipes/tools/clock": {
    "criteria": {
      "has_redstone": "2017-05-06 03:37:40 +1000"
    },
    "done": true
  },
  "minecraft:recipes/transportation/activator_rail": {
    "criteria": {
      "has_rail": "2017-05-06 03:34:57 +1000"
    },
    "done": true
  },
  "minecraft:recipes/decorations/red_stained_glass_pane": {
    "criteria": {
      "has_glass": "2017-05-06 05:46:30 +1000"
    },
    "done": true
  },
  "minecraft:recipes/decorations/white_stained_glass_pane": {
    "criteria": {
      "has_glass": "2017-05-06 05:46:30 +1000"
    },
    "done": true
  },
  "minecraft:recipes/decorations/flower_pot": {
    "criteria": {
      "has_brick": "2017-05-06 05:53:03 +1000"
    },
    "done": true
  },
  "minecraft:recipes/buildingblocks/blue_wool": {
    "criteria": {
      "has_white_wool": "2017-05-06 03:42:32 +1000"
    },
    "done": true
  },
  "minecraft:recipes/decorations/yellow_carpet": {
    "criteria": {
      "has_yellow_wool": "2017-05-06 03:47:27 +1000"
    },
    "done": true
  },
  "minecraft:recipes/decorations/orange_bed": {
    "criteria": {
      "has_orange_wool": "2017-05-06 03:33:55 +1000"
    },
    "done": true
  },
  "minecraft:recipes/decorations/yellow_banner": {
    "criteria": {
      "has_yellow_wool": "2017-05-06 03:47:27 +1000"
    },
    "done": true
  },
  "minecraft:recipes/redstone/piston": {
    "criteria": {
      "has_redstone": "2017-05-06 03:37:40 +1000"
    },
    "done": true
  },
  "minecraft:recipes/combat/golden_leggings": {
    "criteria": {
      "has_gold_ingot": "2017-05-06 05:39:18 +1000"
    },
    "done": true
  },
  "minecraft:recipes/decorations/white_carpet": {
    "criteria": {
      "has_white_wool": "2017-05-06 03:42:32 +1000"
    },
    "done": true
  },
  "minecraft:recipes/decorations/pink_stained_glass_pane": {
    "criteria": {
      "has_glass": "2017-05-06 05:46:30 +1000"
    },
    "done": true
  },
  "minecraft:recipes/buildingblocks/chiseled_sandstone": {
    "criteria": {
      "has_sandstone": "2017-05-06 05:04:01 +1000"
    },
    "done": true
  },
  "minecraft:recipes/buildingblocks/yellow_stained_glass": {
    "criteria": {
      "has_glass": "2017-05-06 05:46:30 +1000"
    },
    "done": true
  },
  "minecraft:recipes/buildingblocks/light_gray_concrete_powder": {
    "criteria": {
      "has_sand": "2017-05-06 05:43:55 +1000"
    },
    "done": true
  },
  "minecraft:recipes/buildingblocks/light_blue_concrete_powder": {
    "criteria": {
      "has_sand": "2017-05-06 05:43:55 +1000"
    },
    "done": true
  },
  "minecraft:recipes/decorations/glass_pane": {
    "criteria": {
      "has_glass": "2017-05-06 05:46:30 +1000"
    },
    "done": true
  },
  "minecraft:recipes/decorations/brown_stained_glass_pane": {
    "criteria": {
      "has_glass": "2017-05-06 05:46:30 +1000"
    },
    "done": true
  },
  "minecraft:recipes/buildingblocks/light_gray_wool": {
    "criteria": {
      "has_white_wool": "2017-05-06 03:42:32 +1000"
    },
    "done": true
  },
  "minecraft:recipes/buildingblocks/brown_stained_glass": {
    "criteria": {
      "has_glass": "2017-05-06 05:46:30 +1000"
    },
    "done": true
  },
  "minecraft:recipes/buildingblocks/red_wool": {
    "criteria": {
      "has_white_wool": "2017-05-06 03:42:32 +1000"
    },
    "done": true
  },
  "minecraft:recipes/buildingblocks/gray_stained_glass": {
    "criteria": {
      "has_glass": "2017-05-06 05:46:30 +1000"
    },
    "done": true
  },
  "minecraft:recipes/decorations/purple_banner": {
    "criteria": {
      "has_purple_wool": "2017-05-06 04:36:25 +1000"
    },
    "done": true
  },
  "minecraft:recipes/buildingblocks/blue_stained_glass": {
    "criteria": {
      "has_glass": "2017-05-06 05:46:30 +1000"
    },
    "done": true
  },
  "minecraft:recipes/decorations/yellow_bed": {
    "criteria": {
      "has_yellow_wool": "2017-05-06 03:47:27 +1000"
    },
    "done": true
  },
  "minecraft:recipes/buildingblocks/clay": {
    "criteria": {
      "has_clay_ball": "2017-05-06 05:48:12 +1000"
    },
    "done": true
  },
  "minecraft:recipes/buildingblocks/purple_stained_glass": {
    "criteria": {
      "has_glass": "2017-05-06 05:46:30 +1000"
    },
    "done": true
  },
  "minecraft:recipes/buildingblocks/red_concrete_powder": {
    "criteria": {
      "has_sand": "2017-05-06 05:43:55 +1000"
    },
    "done": true
  },
  "minecraft:recipes/decorations/light_blue_bed": {
    "criteria": {
      "has_light_blue_wool": "2017-05-06 04:03:48 +1000"
    },
    "done": true
  },
  "minecraft:recipes/misc/gold_ingot_from_block": {
    "criteria": {
      "has_the_recipe": "2017-05-06 05:39:18 +1000"
    },
    "done": true
  },
  "minecraft:recipes/decorations/blue_stained_glass_pane": {
    "criteria": {
      "has_glass": "2017-05-06 05:46:30 +1000"
    },
    "done": true
  },
  "minecraft:recipes/decorations/light_gray_stained_glass_pane": {
    "criteria": {
      "has_glass": "2017-05-06 05:46:30 +1000"
    },
    "done": true
  },
  "minecraft:recipes/combat/golden_boots": {
    "criteria": {
      "has_gold_ingot": "2017-05-06 05:39:18 +1000"
    },
    "done": true
  }
}